id,x,y,z,vx,vy,vz,r,m
0,1.00901,0.3784,0.33676,0,0,-0.000981,0.04,1
1,0.894608,1.48254,0.138549,0,0,-0.000981,0.04,1
2,1.75756,0.494886,1.47544,0,0,-0.000981,0.04,1
3,1.9394,1.3963,1.95876,0,0,-0.000981,0.04,1
4,0.585284,1.42799,0.410444,0,0,-0.000981,0.04,1
5,0.388481,0.578406,1.76834,0,0,-0.000981,0.04,1
6,1.67029,1.53556,0.233952,0,0,-0.000981,0.04,1
7,0.733184,0.232328,1.03443,0,0,-0.000981,0.04,1
8,1.74159,1.27456,0.636329,0,0,-0.000981,0.04,1
9,1.30488,1.83298,0.273107,0,0,-0.000981,0.04,1
10,0.126228,0.183189,1.30705,0,0,-0.000981,0.04,1
11,1.36608,0.734725,1.50211,0,0,-0.000981,0.04,1
12,0.368922,0.794165,0.851643,0,0,-0.000981,0.04,1
13,0.879493,1.9227,1.76705,0,0,-0.000981,0.04,1
14,0.416037,0.775721,1.75793,0,0,-0.000981,0.04,1
15,0.527684,1.07206,0.399887,0,0,-0.000981,0.04,1
16,1.20983,1.53534,0.868553,0,0,-0.000981,0.04,1
17,1.08471,0.113285,1.10741,0,0,-0.000981,0.04,1
18,1.32244,1.51021,1.79057,0,0,-0.000981,0.04,1
19,0.779963,1.4658,0.35612,0,0,-0.000981,0.04,1
20,1.33286,1.24702,0.53674,0,0,-0.000981,0.04,1
21,1.88309,0.435415,1.65861,0,0,-0.000981,0.04,1
22,1.21402,1.70255,0.846631,0,0,-0.000981,0.04,1
23,1.21759,0.495398,0.0754565,0,0,-0.000981,0.04,1
24,0.490719,0.975154,0.439725,0,0,-0.000981,0.04,1
25,0.799646,1.92421,0.845149,0,0,-0.000981,0.04,1
26,0.912834,0.786047,1.5062,0,0,-0.000981,0.04,1
27,1.25712,0.79713,1.34359,0,0,-0.000981,0.04,1
28,1.5823,0.628123,0.524955,0,0,-0.000981,0.04,1
29,0.192882,0.622421,1.91323,0,0,-0.000981,0.04,1
30,1.6757,0.988623,1.69222,0,0,-0.000981,0.04,1
31,0.214872,0.336649,1.29078,0,0,-0.000981,0.04,1
32,1.87833,1.19086,0.687621,0,0,-0.000981,0.04,1
33,1.52452,1.12738,1.92117,0,0,-0.000981,0.04,1
34,1.34929,1.62887,0.798708,0,0,-0.000981,0.04,1
35,1.25355,0.155331,1.05413,0,0,-0.000981,0.04,1
36,1.59083,0.0877297,0.608244,0,0,-0.000981,0.04,1
37,1.44806,1.86171,1.01854,0,0,-0.000981,0.04,1
38,0.398991,0.810803,0.242715,0,0,-0.000981,0.04,1
39,0.437662,0.930346,1.49856,0,0,-0.000981,0.04,1
40,1.64635,1.71421,0.943999,0,0,-0.000981,0.04,1
41,1.65598,1.76778,0.314015,0,0,-0.000981,0.04,1
42,1.67143,0.137377,1.02,0,0,-0.000981,0.04,1
43,0.197648,0.0484878,1.77662,0,0,-0.000981,0.04,1
44,1.88289,0.837255,1.2538,0,0,-0.000981,0.04,1
45,1.22583,0.28589,0.75208,0,0,-0.000981,0.04,1
46,0.230823,1.34275,1.80452,0,0,-0.000981,0.04,1
47,1.06277,1.85375,0.187007,0,0,-0.000981,0.04,1
48,0.330603,1.20442,0.597106,0,0,-0.000981,0.04,1
49,0.684937,1.83625,1.01837,0,0,-0.000981,0.04,1
50,0.88908,0.0633195,0.171591,0,0,-0.000981,0.04,1
51,1.36275,0.928673,1.59178,0,0,-0.000981,0.04,1
52,0.956268,0.181789,1.94654,0,0,-0.000981,0.04,1
53,1.89396,0.504662,1.13383,0,0,-0.000981,0.04,1
54,0.249593,0.207442,0.484878,0,0,-0.000981,0.04,1
55,0.998178,0.989379,0.132421,0,0,-0.000981,0.04,1
56,1.73148,1.76059,1.39417,0,0,-0.000981,0.04,1
57,0.329127,0.311989,0.157614,0,0,-0.000981,0.04,1
58,1.60484,0.383995,0.307084,0,0,-0.000981,0.04,1
59,0.579619,0.454444,1.02459,0,0,-0.000981,0.04,1
60,1.12462,0.272594,1.69163,0,0,-0.000981,0.04,1
61,1.86327,0.687348,0.418694,0,0,-0.000981,0.04,1
62,1.42769,0.809621,1.1144,0,0,-0.000981,0.04,1
63,0.636521,0.994257,0.383905,0,0,-0.000981,0.04,1
64,1.10557,0.605063,0.936288,0,0,-0.000981,0.04,1
65,0.436507,1.35475,1.73471,0,0,-0.000981,0.04,1
66,1.10892,0.593342,1.29684,0,0,-0.000981,0.04,1
67,1.15996,0.779605,1.67696,0,0,-0.000981,0.04,1
68,1.40011,0.925376,0.128977,0,0,-0.000981,0.04,1
69,1.01397,0.748348,1.08955,0,0,-0.000981,0.04,1
70,1.20268,1.80845,1.17449,0,0,-0.000981,0.04,1
71,1.50284,0.66188,0.379008,0,0,-0.000981,0.04,1
72,0.103095,0.79889,0.072607,0,0,-0.000981,0.04,1
73,1.71965,0.241466,1.2998,0,0,-0.000981,0.04,1
74,0.913761,1.52439,1.85961,0,0,-0.000981,0.04,1
75,0.695164,0.443927,0.495651,0,0,-0.000981,0.04,1
76,1.9589,0.314783,1.68692,0,0,-0.000981,0.04,1
77,0.596306,0.629475,1.25515,0,0,-0.000981,0.04,1
78,1.83609,1.06558,0.496451,0,0,-0.000981,0.04,1
79,0.899696,1.13734,1.45866,0,0,-0.000981,0.04,1
80,1.47481,1.41275,0.390959,0,0,-0.000981,0.04,1
81,0.730032,1.69309,0.507301,0,0,-0.000981,0.04,1
82,0.332154,1.54061,1.0458,0,0,-0.000981,0.04,1
83,1.02646,1.75034,1.12858,0,0,-0.000981,0.04,1
84,0.954578,1.95872,0.407189,0,0,-0.000981,0.04,1
85,0.964024,0.63815,1.6669,0,0,-0.000981,0.04,1
86,0.573441,1.16728,0.750966,0,0,-0.000981,0.04,1
87,0.910925,0.924432,0.391031,0,0,-0.000981,0.04,1
88,1.25064,1.88428,1.5744,0,0,-0.000981,0.04,1
89,1.70619,0.514109,0.444265,0,0,-0.000981,0.04,1
90,1.34954,1.03148,1.76257,0,0,-0.000981,0.04,1
91,0.395948,1.43979,0.886828,0,0,-0.000981,0.04,1
92,1.17516,0.929934,1.80936,0,0,-0.000981,0.04,1
93,1.05045,0.23132,1.43383,0,0,-0.000981,0.04,1
94,0.746077,1.21972,1.30205,0,0,-0.000981,0.04,1
95,1.65749,1.20939,1.81577,0,0,-0.000981,0.04,1
96,0.229784,1.13199,1.71717,0,0,-0.000981,0.04,1
97,1.55186,0.197048,0.782354,0,0,-0.000981,0.04,1
98,0.391296,0.945487,1.10392,0,0,-0.000981,0.04,1
99,1.03407,1.4219,0.794235,0,0,-0.000981,0.04,1
100,0.274177,1.2733,0.730442,0,0,-0.000981,0.04,1
101,0.955393,0.950228,0.720857,0,0,-0.000981,0.04,1
102,1.53151,1.88931,1.03678,0,0,-0.000981,0.04,1
103,1.73996,0.0933439,0.86651,0,0,-0.000981,0.04,1
104,0.793258,0.277719,0.0771649,0,0,-0.000981,0.04,1
105,0.658542,1.93499,0.940342,0,0,-0.000981,0.04,1
106,1.51519,1.4926,0.363105,0,0,-0.000981,0.04,1
107,1.08215,1.68746,1.76986,0,0,-0.000981,0.04,1
108,0.663235,0.608289,1.95736,0,0,-0.000981,0.04,1
109,0.225917,0.385198,0.337749,0,0,-0.000981,0.04,1
110,0.84102,1.46487,0.593374,0,0,-0.000981,0.04,1
111,1.07637,1.7692,1.02846,0,0,-0.000981,0.04,1
112,0.52795,0.594055,1.48661,0,0,-0.000981,0.04,1
113,0.0839466,1.08675,0.885204,0,0,-0.000981,0.04,1
114,0.194843,0.180948,1.05051,0,0,-0.000981,0.04,1
115,1.40447,1.85149,1.73946,0,0,-0.000981,0.04,1
116,1.30747,1.54671,0.209098,0,0,-0.000981,0.04,1
117,1.47666,1.04176,0.415623,0,0,-0.000981,0.04,1
118,0.647948,0.112463,0.825464,0,0,-0.000981,0.04,1
119,1.86121,1.0625,1.9338,0,0,-0.000981,0.04,1
120,1.63454,1.08592,1.94164,0,0,-0.000981,0.04,1
121,0.277682,1.28839,1.11958,0,0,-0.000981,0.04,1
122,0.903078,0.219086,1.22101,0,0,-0.000981,0.04,1
123,1.86915,1.36075,0.521921,0,0,-0.000981,0.04,1
124,0.834768,1.1811,1.9216,0,0,-0.000981,0.04,1
125,0.255145,0.677023,0.71337,0,0,-0.000981,0.04,1
126,1.22919,1.58456,1.41711,0,0,-0.000981,0.04,1
127,1.52801,1.3803,0.74055,0,0,-0.000981,0.04,1
128,1.16645,0.466923,0.632407,0,0,-0.000981,0.04,1
129,0.614574,0.232893,0.957739,0,0,-0.000981,0.04,1
130,0.603409,0.838474,0.503049,0,0,-0.000981,0.04,1
131,0.227437,0.255572,0.919941,0,0,-0.000981,0.04,1
132,1.40662,1.32439,1.51166,0,0,-0.000981,0.04,1
133,1.9335,1.13567,1.15597,0,0,-0.000981,0.04,1
134,0.855772,1.67747,1.19554,0,0,-0.000981,0.04,1
135,1.26273,1.14325,1.47914,0,0,-0.000981,0.04,1
136,1.14025,1.18115,0.649088,0,0,-0.000981,0.04,1
137,1.46337,0.305314,0.209171,0,0,-0.000981,0.04,1
138,1.49999,0.130098,1.79418,0,0,-0.000981,0.04,1
139,1.59054,1.55026,1.42043,0,0,-0.000981,0.04,1
140,0.53848,1.65781,1.9214,0,0,-0.000981,0.04,1
141,0.77163,1.572,1.19415,0,0,-0.000981,0.04,1
142,1.94549,1.34074,0.418419,0,0,-0.000981,0.04,1
143,0.433911,0.292268,1.17703,0,0,-0.000981,0.04,1
144,0.532818,1.5219,0.899999,0,0,-0.000981,0.04,1
145,0.603175,1.61688,0.971425,0,0,-0.000981,0.04,1
146,1.70112,0.685465,0.310924,0,0,-0.000981,0.04,1
147,0.261459,0.310463,1.35263,0,0,-0.000981,0.04,1
148,0.277875,1.44804,0.294084,0,0,-0.000981,0.04,1
149,1.86756,0.868962,1.52313,0,0,-0.000981,0.04,1
150,1.09481,1.00533,0.317646,0,0,-0.000981,0.04,1
151,0.53125,0.255473,0.553442,0,0,-0.000981,0.04,1
152,0.761565,1.80371,0.809431,0,0,-0.000981,0.04,1
153,0.468931,0.36495,1.59007,0,0,-0.000981,0.04,1
154,1.64989,1.23925,0.369804,0,0,-0.000981,0.04,1
155,1.88339,1.41795,1.50686,0,0,-0.000981,0.04,1
156,0.495819,0.419186,1.32938,0,0,-0.000981,0.04,1
157,1.09761,1.22905,1.1082,0,0,-0.000981,0.04,1
158,1.00017,1.35281,1.77933,0,0,-0.000981,0.04,1
159,0.802873,1.49087,1.38512,0,0,-0.000981,0.04,1
160,0.726464,1.41756,1.94957,0,0,-0.000981,0.04,1
161,1.35818,1.57512,1.38253,0,0,-0.000981,0.04,1
162,0.233746,1.80989,1.43851,0,0,-0.000981,0.04,1
163,0.0917119,1.17079,0.519622,0,0,-0.000981,0.04,1
164,0.898992,0.548453,1.93929,0,0,-0.000981,0.04,1
165,0.67715,0.766523,1.53974,0,0,-0.000981,0.04,1
166,0.465872,1.59825,0.445983,0,0,-0.000981,0.04,1
167,1.58384,1.00477,0.18814,0,0,-0.000981,0.04,1
168,0.968499,0.358064,1.62539,0,0,-0.000981,0.04,1
169,0.0682382,0.598413,0.474033,0,0,-0.000981,0.04,1
170,0.915983,0.526923,0.782898,0,0,-0.000981,0.04,1
171,1.66263,0.987552,1.37132,0,0,-0.000981,0.04,1
172,0.945312,1.60768,0.91164,0,0,-0.000981,0.04,1
173,0.53783,0.902308,1.80831,0,0,-0.000981,0.04,1
174,1.77179,0.601468,1.8447,0,0,-0.000981,0.04,1
175,0.530216,1.30879,0.963868,0,0,-0.000981,0.04,1
176,1.62205,1.9455,1.25966,0,0,-0.000981,0.04,1
177,1.4601,0.231063,0.481399,0,0,-0.000981,0.04,1
178,1.53036,1.84421,1.64767,0,0,-0.000981,0.04,1
179,0.197663,0.46232,1.77354,0,0,-0.000981,0.04,1
180,1.0229,1.33276,0.292625,0,0,-0.000981,0.04,1
181,1.11172,0.982467,0.398794,0,0,-0.000981,0.04,1
182,0.588038,1.33052,1.89017,0,0,-0.000981,0.04,1
183,1.24515,1.79271,0.150397,0,0,-0.000981,0.04,1
184,0.214959,0.910943,1.66969,0,0,-0.000981,0.04,1
185,1.31973,1.30183,1.44619,0,0,-0.000981,0.04,1
186,1.01613,0.952948,0.0464035,0,0,-0.000981,0.04,1
187,1.92171,1.43227,1.12726,0,0,-0.000981,0.04,1
188,1.05331,0.687811,1.92422,0,0,-0.000981,0.04,1
189,0.638235,1.05829,0.501725,0,0,-0.000981,0.04,1
190,0.503749,1.3217,0.608794,0,0,-0.000981,0.04,1
191,1.79985,0.302188,0.045705,0,0,-0.000981,0.04,1
192,0.953717,1.91493,0.147024,0,0,-0.000981,0.04,1
193,1.76415,1.54833,0.955543,0,0,-0.000981,0.04,1
194,1.33233,0.93458,1.74944,0,0,-0.000981,0.04,1
195,1.35586,0.407459,1.6655,0,0,-0.000981,0.04,1
196,1.53923,1.67256,0.53694,0,0,-0.000981,0.04,1
197,0.155425,0.15207,0.693204,0,0,-0.000981,0.04,1
198,0.949174,1.00555,1.14005,0,0,-0.000981,0.04,1
199,0.768332,1.25384,0.266274,0,0,-0.000981,0.04,1
200,1.61729,1.30733,0.768082,0,0,-0.000981,0.04,1
201,1.51743,0.0629994,1.21802,0,0,-0.000981,0.04,1
202,0.831412,1.68227,0.423235,0,0,-0.000981,0.04,1
203,1.23007,1.7694,1.35518,0,0,-0.000981,0.04,1
204,0.811484,1.84203,0.566075,0,0,-0.000981,0.04,1
205,1.30317,0.227943,1.27226,0,0,-0.000981,0.04,1
206,0.105127,1.52115,0.0775698,0,0,-0.000981,0.04,1
207,0.673486,1.4798,0.980837,0,0,-0.000981,0.04,1
208,1.26688,1.7912,1.75158,0,0,-0.000981,0.04,1
209,1.01357,0.539497,0.485758,0,0,-0.000981,0.04,1
210,1.29761,0.866738,0.270438,0,0,-0.000981,0.04,1
211,1.61821,0.886857,1.81404,0,0,-0.000981,0.04,1
212,0.819176,1.11995,0.305057,0,0,-0.000981,0.04,1
213,0.679458,1.18142,1.06605,0,0,-0.000981,0.04,1
214,1.70836,0.675003,0.0796916,0,0,-0.000981,0.04,1
215,1.65239,0.725763,1.21219,0,0,-0.000981,0.04,1
216,0.192572,1.33649,1.13028,0,0,-0.000981,0.04,1
217,0.347269,1.9028,0.88215,0,0,-0.000981,0.04,1
218,1.53888,0.320227,0.784035,0,0,-0.000981,0.04,1
219,0.327783,1.48112,1.8475,0,0,-0.000981,0.04,1
220,0.166425,1.89854,0.256616,0,0,-0.000981,0.04,1
221,0.668485,1.16089,0.20216,0,0,-0.000981,0.04,1
222,1.36117,0.805736,0.682168,0,0,-0.000981,0.04,1
223,1.52859,1.66172,0.438982,0,0,-0.000981,0.04,1
224,0.170629,1.75334,1.14001,0,0,-0.000981,0.04,1
225,1.33285,1.7928,1.14458,0,0,-0.000981,0.04,1
226,0.86499,1.55835,0.580677,0,0,-0.000981,0.04,1
227,0.934028,0.0540231,1.32809,0,0,-0.000981,0.04,1
228,1.12976,0.43152,0.202774,0,0,-0.000981,0.04,1
229,0.885314,0.115875,0.983407,0,0,-0.000981,0.04,1
230,0.263898,1.06657,1.65068,0,0,-0.000981,0.04,1
231,0.994644,0.454461,0.838234,0,0,-0.000981,0.04,1
232,0.975984,1.75465,0.592109,0,0,-0.000981,0.04,1
233,0.506742,1.59682,0.606929,0,0,-0.000981,0.04,1
234,0.939992,1.06256,1.35319,0,0,-0.000981,0.04,1
235,0.802415,1.06043,0.677937,0,0,-0.000981,0.04,1
236,1.01065,1.13659,0.817352,0,0,-0.000981,0.04,1
237,1.85836,1.5896,0.470339,0,0,-0.000981,0.04,1
238,0.947439,1.46784,1.77331,0,0,-0.000981,0.04,1
239,1.93475,1.77855,1.886,0,0,-0.000981,0.04,1
240,1.56998,1.16209,1.50204,0,0,-0.000981,0.04,1
241,1.15474,1.1627,1.50307,0,0,-0.000981,0.04,1
242,0.47115,0.640774,0.591277,0,0,-0.000981,0.04,1
243,0.0479726,0.417927,0.718468,0,0,-0.000981,0.04,1
244,1.27192,0.351455,0.583738,0,0,-0.000981,0.04,1
245,0.36573,1.39948,0.773096,0,0,-0.000981,0.04,1
246,0.586371,1.19644,0.248964,0,0,-0.000981,0.04,1
247,0.836689,1.37089,1.94163,0,0,-0.000981,0.04,1
248,1.19072,0.468283,1.90426,0,0,-0.000981,0.04,1
249,0.959374,1.95945,0.572989,0,0,-0.000981,0.04,1
250,0.930521,1.4487,0.481037,0,0,-0.000981,0.04,1
251,0.0486113,1.94949,1.16712,0,0,-0.000981,0.04,1
252,1.46826,0.313561,0.500472,0,0,-0.000981,0.04,1
253,1.16455,0.515742,0.328767,0,0,-0.000981,0.04,1
254,1.72776,0.647781,1.61199,0,0,-0.000981,0.04,1
255,1.92671,0.579971,0.431899,0,0,-0.000981,0.04,1
256,1.47585,1.16686,1.03928,0,0,-0.000981,0.04,1
257,0.321156,0.987675,0.500957,0,0,-0.000981,0.04,1
258,1.82952,0.39356,0.16927,0,0,-0.000981,0.04,1
259,0.991945,1.22295,0.969249,0,0,-0.000981,0.04,1
260,1.01255,0.566733,1.5658,0,0,-0.000981,0.04,1
261,0.427811,1.95916,1.18978,0,0,-0.000981,0.04,1
262,0.630407,1.87483,1.70446,0,0,-0.000981,0.04,1
263,1.56501,1.41531,0.268825,0,0,-0.000981,0.04,1
264,0.231122,1.67114,1.90917,0,0,-0.000981,0.04,1
265,1.90878,0.414726,0.786599,0,0,-0.000981,0.04,1
266,1.61668,0.902773,1.17187,0,0,-0.000981,0.04,1
267,0.955446,1.81835,0.217007,0,0,-0.000981,0.04,1
268,0.736973,0.505748,1.34918,0,0,-0.000981,0.04,1
269,0.838508,0.137783,1.67168,0,0,-0.000981,0.04,1
270,1.00608,1.35162,1.88972,0,0,-0.000981,0.04,1
271,0.219378,0.564044,1.26825,0,0,-0.000981,0.04,1
272,1.80889,0.816565,0.221057,0,0,-0.000981,0.04,1
273,0.491822,1.6039,1.0859,0,0,-0.000981,0.04,1
274,0.0517902,1.69506,1.74639,0,0,-0.000981,0.04,1
275,1.52207,1.61001,0.311427,0,0,-0.000981,0.04,1
276,0.360364,1.49269,1.41974,0,0,-0.000981,0.04,1
277,1.56038,1.79018,0.102881,0,0,-0.000981,0.04,1
278,1.61522,1.20636,1.0674,0,0,-0.000981,0.04,1
279,0.543637,0.589521,0.191507,0,0,-0.000981,0.04,1
280,1.69631,0.223934,0.432019,0,0,-0.000981,0.04,1
281,1.36216,0.338207,1.78659,0,0,-0.000981,0.04,1
282,1.69454,0.829085,1.57449,0,0,-0.000981,0.04,1
283,0.42789,1.14629,0.901465,0,0,-0.000981,0.04,1
284,1.45463,1.68563,1.10265,0,0,-0.000981,0.04,1
285,0.471943,0.511532,1.61354,0,0,-0.000981,0.04,1
286,0.264898,1.64795,1.21801,0,0,-0.000981,0.04,1
287,0.311724,1.58658,0.363385,0,0,-0.000981,0.04,1
288,1.61965,1.34495,0.0712129,0,0,-0.000981,0.04,1
289,0.527326,0.698353,0.881012,0,0,-0.000981,0.04,1
290,0.455405,0.235162,1.64823,0,0,-0.000981,0.04,1
291,0.524547,1.16081,0.466718,0,0,-0.000981,0.04,1
292,0.284688,0.685477,1.24033,0,0,-0.000981,0.04,1
293,1.64051,1.70857,0.136748,0,0,-0.000981,0.04,1
294,0.748669,1.59085,1.08857,0,0,-0.000981,0.04,1
295,1.42581,0.411597,1.70869,0,0,-0.000981,0.04,1
296,1.45239,0.119861,0.414039,0,0,-0.000981,0.04,1
297,1.62628,1.58667,0.184815,0,0,-0.000981,0.04,1
298,0.838053,0.91235,0.909824,0,0,-0.000981,0.04,1
299,1.90868,1.0149,0.0686574,0,0,-0.000981,0.04,1
300,1.64055,1.4062,1.34885,0,0,-0.000981,0.04,1
301,0.7727,1.43602,1.05486,0,0,-0.000981,0.04,1
302,1.80558,0.322029,1.35517,0,0,-0.000981,0.04,1
303,0.541072,1.75064,1.85536,0,0,-0.000981,0.04,1
304,0.384634,1.0735,0.590983,0,0,-0.000981,0.04,1
305,1.93188,1.84954,1.72417,0,0,-0.000981,0.04,1
306,1.93017,0.749276,1.16818,0,0,-0.000981,0.04,1
307,1.57033,0.493669,0.550037,0,0,-0.000981,0.04,1
308,0.56956,1.6794,1.10659,0,0,-0.000981,0.04,1
309,1.49053,0.185307,1.57823,0,0,-0.000981,0.04,1
310,1.76955,1.95621,0.914998,0,0,-0.000981,0.04,1
311,0.0587597,1.89538,1.00348,0,0,-0.000981,0.04,1
312,1.85583,0.875372,1.3511,0,0,-0.000981,0.04,1
313,0.285522,0.545549,0.701981,0,0,-0.000981,0.04,1
314,0.7403,1.84377,1.09173,0,0,-0.000981,0.04,1
315,1.57291,1.25437,0.293143,0,0,-0.000981,0.04,1
316,1.25984,1.3075,0.552375,0,0,-0.000981,0.04,1
317,0.181057,1.54004,0.858472,0,0,-0.000981,0.04,1
318,1.28974,1.94012,1.45269,0,0,-0.000981,0.04,1
319,1.28401,1.87569,0.654642,0,0,-0.000981,0.04,1
320,1.1527,0.48366,1.43938,0,0,-0.000981,0.04,1
321,0.580857,0.472548,0.797911,0,0,-0.000981,0.04,1
322,0.104866,1.32091,1.94409,0,0,-0.000981,0.04,1
323,1.13157,1.59474,0.830612,0,0,-0.000981,0.04,1
324,0.339075,0.0608551,1.18258,0,0,-0.000981,0.04,1
325,1.88088,1.7485,0.864276,0,0,-0.000981,0.04,1
326,0.574094,1.87301,0.980587,0,0,-0.000981,0.04,1
327,0.777225,0.0970568,0.627646,0,0,-0.000981,0.04,1
328,0.617646,1.49034,0.179986,0,0,-0.000981,0.04,1
329,0.287523,0.511573,0.151636,0,0,-0.000981,0.04,1
330,0.899557,1.23394,0.738172,0,0,-0.000981,0.04,1
331,1.73232,0.856774,0.796998,0,0,-0.000981,0.04,1
332,0.550194,0.496441,1.4419,0,0,-0.000981,0.04,1
333,0.57959,1.78914,0.234233,0,0,-0.000981,0.04,1
334,0.468107,0.375131,1.21578,0,0,-0.000981,0.04,1
335,1.79923,0.433935,1.77904,0,0,-0.000981,0.04,1
336,1.33952,0.7291,1.95443,0,0,-0.000981,0.04,1
337,1.39398,1.16635,0.290307,0,0,-0.000981,0.04,1
338,1.86108,0.568838,0.285722,0,0,-0.000981,0.04,1
339,0.166419,1.07049,0.0514619,0,0,-0.000981,0.04,1
340,0.756064,0.690242,1.40179,0,0,-0.000981,0.04,1
341,0.735144,1.80908,0.119675,0,0,-0.000981,0.04,1
342,0.282828,1.91886,0.632781,0,0,-0.000981,0.04,1
343,1.81732,0.925067,0.981228,0,0,-0.000981,0.04,1
344,1.93332,1.15384,0.827278,0,0,-0.000981,0.04,1
345,1.24829,1.53552,1.63506,0,0,-0.000981,0.04,1
346,1.14795,1.23497,0.482139,0,0,-0.000981,0.04,1
347,1.45197,0.619722,1.25305,0,0,-0.000981,0.04,1
348,1.51635,1.71661,0.367166,0,0,-0.000981,0.04,1
349,1.92735,1.43116,1.656,0,0,-0.000981,0.04,1
350,1.5278,1.62599,1.04498,0,0,-0.000981,0.04,1
351,0.812751,1.06119,1.71864,0,0,-0.000981,0.04,1
352,0.920648,0.505151,1.72351,0,0,-0.000981,0.04,1
353,0.112973,1.42755,0.338997,0,0,-0.000981,0.04,1
354,0.200844,1.50835,1.51932,0,0,-0.000981,0.04,1
355,1.87812,1.10633,0.99823,0,0,-0.000981,0.04,1
356,0.485383,1.0537,1.70101,0,0,-0.000981,0.04,1
357,1.80132,1.77612,1.7723,0,0,-0.000981,0.04,1
358,0.678437,0.221544,1.68191,0,0,-0.000981,0.04,1
359,1.58265,0.833053,0.536665,0,0,-0.000981,0.04,1
360,0.365825,1.06123,1.35227,0,0,-0.000981,0.04,1
361,0.595744,0.750153,1.21654,0,0,-0.000981,0.04,1
362,1.39235,1.22529,0.116594,0,0,-0.000981,0.04,1
363,0.25215,1.07799,1.34421,0,0,-0.000981,0.04,1
364,1.36027,0.0684965,0.465727,0,0,-0.000981,0.04,1
365,1.16742,0.757437,1.20344,0,0,-0.000981,0.04,1
366,1.811,0.358358,0.307002,0,0,-0.000981,0.04,1
367,0.431558,0.319025,0.0700646,0,0,-0.000981,0.04,1
368,1.50572,0.442179,1.35942,0,0,-0.000981,0.04,1
369,1.49517,1.73722,1.65619,0,0,-0.000981,0.04,1
370,1.32455,0.26452,0.0546872,0,0,-0.000981,0.04,1
371,0.961601,0.83163,1.95465,0,0,-0.000981,0.04,1
372,0.897394,0.0677943,0.888599,0,0,-0.000981,0.04,1
373,0.443894,1.40091,0.258619,0,0,-0.000981,0.04,1
374,0.803724,0.0573656,0.761105,0,0,-0.000981,0.04,1
375,1.60417,0.298954,0.200587,0,0,-0.000981,0.04,1
376,1.95185,0.691318,1.56704,0,0,-0.000981,0.04,1
377,0.381933,0.0965449,1.09304,0,0,-0.000981,0.04,1
378,0.292379,1.9238,0.753313,0,0,-0.000981,0.04,1
379,0.974013,1.12958,0.702124,0,0,-0.000981,0.04,1
380,0.693844,0.526292,1.15342,0,0,-0.000981,0.04,1
381,1.43385,0.345422,0.83553,0,0,-0.000981,0.04,1
382,0.487825,1.2094,1.88368,0,0,-0.000981,0.04,1
383,0.151039,0.151782,0.928351,0,0,-0.000981,0.04,1
384,0.990993,0.743934,1.91179,0,0,-0.000981,0.04,1
385,1.82159,0.172419,1.08255,0,0,-0.000981,0.04,1
386,1.71073,1.0155,0.0465379,0,0,-0.000981,0.04,1
387,0.780073,0.812162,1.144,0,0,-0.000981,0.04,1
388,0.45515,0.766245,0.280237,0,0,-0.000981,0.04,1
389,0.871866,0.187116,1.72688,0,0,-0.000981,0.04,1
390,1.51427,1.72494,1.04205,0,0,-0.000981,0.04,1
391,0.249348,1.52082,0.543823,0,0,-0.000981,0.04,1
392,0.594014,1.04339,1.01231,0,0,-0.000981,0.04,1
393,0.913559,0.866466,0.614116,0,0,-0.000981,0.04,1
394,1.32511,1.3338,1.78628,0,0,-0.000981,0.04,1
395,1.35628,0.94697,0.570599,0,0,-0.000981,0.04,1
396,0.51931,1.07755,1.60568,0,0,-0.000981,0.04,1
397,0.532724,0.698907,1.34525,0,0,-0.000981,0.04,1
398,1.15195,0.938714,1.30219,0,0,-0.000981,0.04,1
399,1.43869,1.63974,1.66265,0,0,-0.000981,0.04,1
400,0.81813,0.934311,1.76952,0,0,-0.000981,0.04,1
401,0.451638,1.77338,0.565555,0,0,-0.000981,0.04,1
402,0.545102,1.06873,1.10307,0,0,-0.000981,0.04,1
403,0.789271,1.3399,0.692726,0,0,-0.000981,0.04,1
404,1.49406,1.46543,0.152786,0,0,-0.000981,0.04,1
405,0.550447,1.01222,1.816,0,0,-0.000981,0.04,1
406,0.343253,1.87644,0.131297,0,0,-0.000981,0.04,1
407,1.15731,0.893623,1.58138,0,0,-0.000981,0.04,1
408,1.47427,0.614,1.75959,0,0,-0.000981,0.04,1
409,1.86467,1.29602,0.336915,0,0,-0.000981,0.04,1
410,1.72527,1.40429,1.80257,0,0,-0.000981,0.04,1
411,1.92833,0.782175,1.38853,0,0,-0.000981,0.04,1
412,0.790484,0.387861,0.174346,0,0,-0.000981,0.04,1
413,1.55229,0.540943,0.23034,0,0,-0.000981,0.04,1
414,1.76842,1.90257,1.85523,0,0,-0.000981,0.04,1
415,0.22455,0.614997,1.43063,0,0,-0.000981,0.04,1
416,0.152178,0.13972,0.052978,0,0,-0.000981,0.04,1
417,1.38779,0.574306,1.16576,0,0,-0.000981,0.04,1
418,0.252571,1.1851,0.562774,0,0,-0.000981,0.04,1
419,0.0672374,1.29711,0.896646,0,0,-0.000981,0.04,1
420,0.681039,1.13112,1.42359,0,0,-0.000981,0.04,1
421,0.346711,1.74728,1.80827,0,0,-0.000981,0.04,1
422,0.801974,1.08059,1.05557,0,0,-0.000981,0.04,1
423,1.06864,1.07324,1.19923,0,0,-0.000981,0.04,1
424,1.42579,1.73031,1.42617,0,0,-0.000981,0.04,1
425,0.877569,1.70232,0.102164,0,0,-0.000981,0.04,1
426,0.632896,0.866652,1.64144,0,0,-0.000981,0.04,1
427,1.40044,0.0632065,0.279495,0,0,-0.000981,0.04,1
428,1.32753,0.518909,1.73759,0,0,-0.000981,0.04,1
429,0.920694,1.17794,1.17288,0,0,-0.000981,0.04,1
430,0.27902,1.41978,1.87671,0,0,-0.000981,0.04,1
431,1.47695,1.22353,1.86832,0,0,-0.000981,0.04,1
432,0.696999,1.69645,1.18947,0,0,-0.000981,0.04,1
433,0.300806,0.8322,0.632715,0,0,-0.000981,0.04,1
434,0.765592,1.71923,1.39592,0,0,-0.000981,0.04,1
435,1.82206,0.977828,1.80145,0,0,-0.000981,0.04,1
436,0.0706058,1.7685,0.434835,0,0,-0.000981,0.04,1
437,0.553341,1.02502,0.590256,0,0,-0.000981,0.04,1
438,1.6123,0.364583,0.560346,0,0,-0.000981,0.04,1
439,0.705177,1.37868,1.32351,0,0,-0.000981,0.04,1
440,1.24453,0.179134,1.42361,0,0,-0.000981,0.04,1
441,0.564929,0.367083,1.42532,0,0,-0.000981,0.04,1
442,0.929581,1.722,1.67463,0,0,-0.000981,0.04,1
443,0.411479,0.704304,1.88624,0,0,-0.000981,0.04,1
444,0.645241,1.73992,1.65733,0,0,-0.000981,0.04,1
445,0.755735,1.0747,0.806186,0,0,-0.000981,0.04,1
446,1.22279,0.570661,1.63867,0,0,-0.000981,0.04,1
447,0.506487,1.15589,0.307605,0,0,-0.000981,0.04,1
448,1.2326,0.450964,0.82309,0,0,-0.000981,0.04,1
449,1.14634,1.55292,1.12138,0,0,-0.000981,0.04,1
450,0.304396,0.600317,1.10764,0,0,-0.000981,0.04,1
451,1.82097,1.72584,1.30439,0,0,-0.000981,0.04,1
452,1.51691,1.16755,1.8245,0,0,-0.000981,0.04,1
453,0.567624,1.61003,1.33024,0,0,-0.000981,0.04,1
454,1.32405,0.696463,0.39678,0,0,-0.000981,0.04,1
455,0.849156,0.382658,1.27228,0,0,-0.000981,0.04,1
456,1.19157,0.15027,1.4776,0,0,-0.000981,0.04,1
457,1.26959,0.900795,1.02859,0,0,-0.000981,0.04,1
458,0.136298,0.971499,0.747938,0,0,-0.000981,0.04,1
459,0.172147,1.31759,0.95155,0,0,-0.000981,0.04,1
460,1.25182,1.4272,1.08393,0,0,-0.000981,0.04,1
461,0.823602,0.352053,1.70334,0,0,-0.000981,0.04,1
462,0.906217,0.0748276,1.76733,0,0,-0.000981,0.04,1
463,1.69274,0.799871,1.39312,0,0,-0.000981,0.04,1
464,1.92531,0.0741541,0.115877,0,0,-0.000981,0.04,1
465,1.45324,0.947817,0.74077,0,0,-0.000981,0.04,1
466,0.496355,1.32597,1.87784,0,0,-0.000981,0.04,1
467,1.9259,1.66326,0.752512,0,0,-0.000981,0.04,1
468,0.0961247,0.466336,0.506426,0,0,-0.000981,0.04,1
469,0.569085,0.801119,0.0413666,0,0,-0.000981,0.04,1
470,0.630386,0.935274,1.13763,0,0,-0.000981,0.04,1
471,1.44548,1.45989,0.706152,0,0,-0.000981,0.04,1
472,0.634232,1.83485,0.324213,0,0,-0.000981,0.04,1
473,0.408133,0.889484,0.127595,0,0,-0.000981,0.04,1
474,1.58021,0.718583,0.566803,0,0,-0.000981,0.04,1
475,0.937738,0.914112,0.829181,0,0,-0.000981,0.04,1
476,0.113026,1.21651,0.786036,0,0,-0.000981,0.04,1
477,0.789377,1.7155,0.116922,0,0,-0.000981,0.04,1
478,0.810165,1.28871,0.368863,0,0,-0.000981,0.04,1
479,1.05064,0.123317,1.24372,0,0,-0.000981,0.04,1
480,0.989693,0.865711,1.66324,0,0,-0.000981,0.04,1
481,1.33092,1.51779,1.89216,0,0,-0.000981,0.04,1
482,1.5367,0.22145,1.83815,0,0,-0.000981,0.04,1
483,0.0666426,1.93909,1.45572,0,0,-0.000981,0.04,1
484,0.132059,1.38843,1.40708,0,0,-0.000981,0.04,1
485,1.02175,1.85472,0.567254,0,0,-0.000981,0.04,1
486,0.619442,0.615834,1.5626,0,0,-0.000981,0.04,1
487,0.0535163,0.579505,1.24885,0,0,-0.000981,0.04,1
488,0.216452,1.11103,0.657714,0,0,-0.000981,0.04,1
489,0.726772,1.326,0.422602,0,0,-0.000981,0.04,1
490,1.38375,0.54811,0.656406,0,0,-0.000981,0.04,1
491,0.634302,0.282391,1.09008,0,0,-0.000981,0.04,1
492,0.328522,0.0985326,1.45311,0,0,-0.000981,0.04,1
493,0.743527,1.29286,0.995812,0,0,-0.000981,0.04,1
494,1.03344,0.256596,0.157313,0,0,-0.000981,0.04,1
495,1.09533,1.8861,1.06715,0,0,-0.000981,0.04,1
496,0.803953,1.82786,1.23568,0,0,-0.000981,0.04,1
497,1.01398,1.61658,1.09887,0,0,-0.000981,0.04,1
498,1.06565,0.356957,1.87408,0,0,-0.000981,0.04,1
499,0.931532,0.188459,1.84824,0,0,-0.000981,0.04,1
500,1.95428,0.590714,0.30303,0,0,-0.000981,0.04,1
501,0.43687,1.80793,0.982601,0,0,-0.000981,0.04,1
502,0.208049,1.90631,0.344622,0,0,-0.000981,0.04,1
503,0.0476525,1.37209,1.63237,0,0,-0.000981,0.04,1
504,0.290171,1.89005,1.54525,0,0,-0.000981,0.04,1
505,0.578334,1.86682,0.452924,0,0,-0.000981,0.04,1
506,1.76884,0.391344,0.79954,0,0,-0.000981,0.04,1
507,1.01711,1.90715,0.999834,0,0,-0.000981,0.04,1
508,1.12247,0.805481,0.863304,0,0,-0.000981,0.04,1
509,0.899695,1.49919,1.58599,0,0,-0.000981,0.04,1
510,1.8989,0.429192,1.1967,0,0,-0.000981,0.04,1
511,1.77313,0.970087,0.850903,0,0,-0.000981,0.04,1
512,1.03283,0.699269,0.924861,0,0,-0.000981,0.04,1
513,0.73173,1.95219,0.973742,0,0,-0.000981,0.04,1
514,1.29148,0.186294,1.82272,0,0,-0.000981,0.04,1
515,0.312041,0.0851962,1.77383,0,0,-0.000981,0.04,1
516,0.604648,1.24924,0.0983928,0,0,-0.000981,0.04,1
517,1.26844,1.39387,1.89649,0,0,-0.000981,0.04,1
518,0.454838,1.58493,0.778119,0,0,-0.000981,0.04,1
519,1.01123,1.44275,1.56844,0,0,-0.000981,0.04,1
520,1.86186,0.16119,0.366595,0,0,-0.000981,0.04,1
521,0.507797,1.3,0.16214,0,0,-0.000981,0.04,1
522,1.27763,0.672627,0.560291,0,0,-0.000981,0.04,1
523,0.434495,1.72279,0.934791,0,0,-0.000981,0.04,1
524,0.770075,0.218321,0.526236,0,0,-0.000981,0.04,1
525,0.259856,0.682157,1.62009,0,0,-0.000981,0.04,1
526,0.114622,0.727079,1.27335,0,0,-0.000981,0.04,1
527,0.241328,1.5197,0.332547,0,0,-0.000981,0.04,1
528,0.263019,0.62576,1.32458,0,0,-0.000981,0.04,1
529,0.431191,1.46229,1.57155,0,0,-0.000981,0.04,1
530,1.02002,0.764986,1.33038,0,0,-0.000981,0.04,1
531,1.88155,0.694843,1.42956,0,0,-0.000981,0.04,1
532,1.70502,1.40376,1.1506,0,0,-0.000981,0.04,1
533,0.558243,0.870059,0.636275,0,0,-0.000981,0.04,1
534,1.90009,0.977805,1.14786,0,0,-0.000981,0.04,1
535,1.06767,0.459787,1.84656,0,0,-0.000981,0.04,1
536,1.83566,1.47984,1.6039,0,0,-0.000981,0.04,1
537,1.65243,0.582626,1.29265,0,0,-0.000981,0.04,1
538,1.22954,1.03095,0.374221,0,0,-0.000981,0.04,1
539,0.746475,0.357726,0.637561,0,0,-0.000981,0.04,1
540,0.368435,0.595443,0.492152,0,0,-0.000981,0.04,1
541,0.141761,1.06069,1.6565,0,0,-0.000981,0.04,1
542,0.826324,1.07182,0.163116,0,0,-0.000981,0.04,1
543,0.326104,0.800096,1.94098,0,0,-0.000981,0.04,1
544,0.164752,0.823304,0.73927,0,0,-0.000981,0.04,1
545,0.202342,0.985563,0.691508,0,0,-0.000981,0.04,1
546,0.458964,0.372568,1.78416,0,0,-0.000981,0.04,1
547,1.21904,1.17071,1.74429,0,0,-0.000981,0.04,1
548,0.459279,1.31845,1.63333,0,0,-0.000981,0.04,1
549,1.50728,1.46503,1.56453,0,0,-0.000981,0.04,1
550,1.56753,0.138385,1.27988,0,0,-0.000981,0.04,1
551,1.89115,1.35427,0.720178,0,0,-0.000981,0.04,1
552,0.568397,0.72258,0.148737,0,0,-0.000981,0.04,1
553,1.63639,0.353514,1.77864,0,0,-0.000981,0.04,1
554,1.50972,0.682779,0.697498,0,0,-0.000981,0.04,1
555,0.227229,1.92056,1.40525,0,0,-0.000981,0.04,1
556,0.127608,1.21147,1.79823,0,0,-0.000981,0.04,1
557,1.89476,0.58184,0.71048,0,0,-0.000981,0.04,1
558,1.3182,0.083858,1.45195,0,0,-0.000981,0.04,1
559,0.511838,0.805108,1.6758,0,0,-0.000981,0.04,1
560,1.37888,0.789607,1.86959,0,0,-0.000981,0.04,1
561,0.605201,0.913049,0.883475,0,0,-0.000981,0.04,1
562,1.11015,1.56714,1.37067,0,0,-0.000981,0.04,1
563,0.309439,1.80422,0.75395,0,0,-0.000981,0.04,1
564,0.486861,1.75074,0.733218,0,0,-0.000981,0.04,1
565,0.30757,1.8962,1.23891,0,0,-0.000981,0.04,1
566,1.54053,0.251637,1.43795,0,0,-0.000981,0.04,1
567,1.2193,0.303957,1.10541,0,0,-0.000981,0.04,1
568,1.78204,1.83505,0.965328,0,0,-0.000981,0.04,1
569,1.72264,0.319258,1.5227,0,0,-0.000981,0.04,1
570,0.872563,0.818992,1.2177,0,0,-0.000981,0.04,1
571,0.506383,0.565551,0.708197,0,0,-0.000981,0.04,1
572,0.51301,1.25098,0.90576,0,0,-0.000981,0.04,1
573,0.107002,1.89238,0.893832,0,0,-0.000981,0.04,1
574,0.435348,0.205511,0.0661768,0,0,-0.000981,0.04,1
575,1.56184,0.988486,0.585689,0,0,-0.000981,0.04,1
576,1.20794,0.97521,0.778878,0,0,-0.000981,0.04,1
577,1.7202,0.666791,1.91608,0,0,-0.000981,0.04,1
578,1.20851,1.52334,0.234279,0,0,-0.000981,0.04,1
579,0.882164,0.629702,1.71625,0,0,-0.000981,0.04,1
580,1.05433,1.1783,0.5641,0,0,-0.000981,0.04,1
581,1.16015,1.57031,0.132198,0,0,-0.000981,0.04,1
582,1.02356,1.78137,0.84458,0,0,-0.000981,0.04,1
583,1.74195,0.859908,0.374059,0,0,-0.000981,0.04,1
584,0.744797,1.88095,0.0568076,0,0,-0.000981,0.04,1
585,1.4392,1.70949,0.187819,0,0,-0.000981,0.04,1
586,0.876677,0.22517,0.169073,0,0,-0.000981,0.04,1
587,0.556147,0.533679,1.88565,0,0,-0.000981,0.04,1
588,1.16519,0.618195,0.547405,0,0,-0.000981,0.04,1
589,0.877323,0.481295,0.282023,0,0,-0.000981,0.04,1
590,1.92529,0.771401,0.631914,0,0,-0.000981,0.04,1
591,1.15235,0.87379,0.618824,0,0,-0.000981,0.04,1
592,1.01072,0.255143,0.698298,0,0,-0.000981,0.04,1
593,1.68926,1.37731,1.64602,0,0,-0.000981,0.04,1
594,0.831824,1.04384,1.22277,0,0,-0.000981,0.04,1
595,1.55396,1.65895,1.6693,0,0,-0.000981,0.04,1
596,1.4799,1.23655,1.18806,0,0,-0.000981,0.04,1
597,1.89787,0.588051,0.196848,0,0,-0.000981,0.04,1
598,0.582353,0.883301,1.33539,0,0,-0.000981,0.04,1
599,1.62232,1.38218,0.392985,0,0,-0.000981,0.04,1
600,0.792627,0.500908,1.84644,0,0,-0.000981,0.04,1
601,0.837715,0.76706,0.559042,0,0,-0.000981,0.04,1
602,0.858476,0.0878836,1.30072,0,0,-0.000981,0.04,1
603,1.58751,1.79182,0.445749,0,0,-0.000981,0.04,1
604,1.7506,0.400831,0.536815,0,0,-0.000981,0.04,1
605,1.19737,0.8623,0.732697,0,0,-0.000981,0.04,1
606,0.749431,1.16842,0.407422,0,0,-0.000981,0.04,1
607,1.58326,0.795611,0.367042,0,0,-0.000981,0.04,1
608,1.47172,1.24946,0.661848,0,0,-0.000981,0.04,1
609,0.420893,1.85756,1.83646,0,0,-0.000981,0.04,1
610,0.482966,1.0777,1.2116,0,0,-0.000981,0.04,1
611,1.24205,1.92011,0.520422,0,0,-0.000981,0.04,1
612,1.02178,1.53923,1.89496,0,0,-0.000981,0.04,1
613,0.503493,0.925417,1.15854,0,0,-0.000981,0.04,1
614,0.996775,0.0577697,1.43257,0,0,-0.000981,0.04,1
615,1.12019,1.04093,0.232998,0,0,-0.000981,0.04,1
616,1.65262,0.599632,1.55995,0,0,-0.000981,0.04,1
617,1.53266,1.09694,0.67076,0,0,-0.000981,0.04,1
618,1.60152,1.46144,0.548255,0,0,-0.000981,0.04,1
619,0.646507,0.935492,1.04688,0,0,-0.000981,0.04,1
620,1.41384,1.95335,1.6225,0,0,-0.000981,0.04,1
621,1.19072,0.729105,1.91634,0,0,-0.000981,0.04,1
622,0.487102,1.07795,0.593817,0,0,-0.000981,0.04,1
623,1.10934,0.550799,1.72634,0,0,-0.000981,0.04,1
624,1.87698,0.118978,0.0438371,0,0,-0.000981,0.04,1
625,0.299889,0.730531,0.182424,0,0,-0.000981,0.04,1
626,1.05575,1.64587,1.65175,0,0,-0.000981,0.04,1
627,0.0788477,0.204678,1.51572,0,0,-0.000981,0.04,1
628,0.354424,1.81466,1.46537,0,0,-0.000981,0.04,1
629,0.569639,0.108805,0.202503,0,0,-0.000981,0.04,1
630,0.0960297,1.70495,1.37024,0,0,-0.000981,0.04,1
631,1.51397,0.843828,1.8082,0,0,-0.000981,0.04,1
632,1.47661,0.226105,0.169217,0,0,-0.000981,0.04,1
633,1.51104,1.83452,1.28163,0,0,-0.000981,0.04,1
634,1.52292,0.437987,1.52898,0,0,-0.000981,0.04,1
635,1.4531,0.439768,0.749825,0,0,-0.000981,0.04,1
636,0.968073,0.668536,1.89083,0,0,-0.000981,0.04,1
637,1.83601,0.752718,0.598617,0,0,-0.000981,0.04,1
638,0.138889,0.304081,1.22917,0,0,-0.000981,0.04,1
639,0.0756029,0.0996197,0.461086,0,0,-0.000981,0.04,1
640,1.15949,0.259103,0.193305,0,0,-0.000981,0.04,1
641,0.253645,0.371105,1.42655,0,0,-0.000981,0.04,1
642,0.709977,0.781766,0.180708,0,0,-0.000981,0.04,1
643,0.216586,0.5123,0.651287,0,0,-0.000981,0.04,1
644,0.369112,1.82061,1.04766,0,0,-0.000981,0.04,1
645,0.710181,0.602882,1.58056,0,0,-0.000981,0.04,1
646,0.51321,0.386693,1.00767,0,0,-0.000981,0.04,1
647,0.51296,0.546113,1.38322,0,0,-0.000981,0.04,1
648,0.384106,1.6402,1.71128,0,0,-0.000981,0.04,1
649,1.82523,0.224513,1.76074,0,0,-0.000981,0.04,1
650,1.92636,1.19157,0.258081,0,0,-0.000981,0.04,1
651,1.50486,1.18504,0.56227,0,0,-0.000981,0.04,1
652,0.11142,0.881745,0.669488,0,0,-0.000981,0.04,1
653,0.559974,1.70785,0.590373,0,0,-0.000981,0.04,1
654,1.9115,1.8452,0.70546,0,0,-0.000981,0.04,1
655,0.393885,1.21905,0.851964,0,0,-0.000981,0.04,1
656,0.757235,1.78987,1.79619,0,0,-0.000981,0.04,1
657,1.53529,1.94402,1.43157,0,0,-0.000981,0.04,1
658,1.78719,1.88953,0.644975,0,0,-0.000981,0.04,1
659,0.531568,1.49409,1.87854,0,0,-0.000981,0.04,1
660,0.799712,1.30871,1.69258,0,0,-0.000981,0.04,1
661,1.16661,1.06586,1.83863,0,0,-0.000981,0.04,1
662,0.889153,1.26084,1.43057,0,0,-0.000981,0.04,1
663,1.72305,0.74197,0.502382,0,0,-0.000981,0.04,1
664,1.33571,1.11782,1.94544,0,0,-0.000981,0.04,1
665,0.718619,0.890355,0.476188,0,0,-0.000981,0.04,1
666,0.872054,0.837268,0.172207,0,0,-0.000981,0.04,1
667,0.588598,1.70883,1.42976,0,0,-0.000981,0.04,1
668,1.03582,1.24232,1.61794,0,0,-0.000981,0.04,1
669,0.436663,0.286242,0.772693,0,0,-0.000981,0.04,1
670,1.18286,0.834109,0.93335,0,0,-0.000981,0.04,1
671,0.949981,1.68324,1.9209,0,0,-0.000981,0.04,1
672,0.124413,0.459991,0.807501,0,0,-0.000981,0.04,1
673,1.59669,0.772762,1.87973,0,0,-0.000981,0.04,1
674,1.71448,1.90277,0.844059,0,0,-0.000981,0.04,1
675,0.344174,1.66046,1.36368,0,0,-0.000981,0.04,1
676,0.783247,0.463363,0.431229,0,0,-0.000981,0.04,1
677,0.831466,0.628469,1.55143,0,0,-0.000981,0.04,1
678,1.82805,0.25223,0.962861,0,0,-0.000981,0.04,1
679,1.23992,0.521373,0.443838,0,0,-0.000981,0.04,1
680,0.167413,1.39871,1.31805,0,0,-0.000981,0.04,1
681,0.408482,1.03257,0.780088,0,0,-0.000981,0.04,1
682,1.45071,1.89459,1.0964,0,0,-0.000981,0.04,1
683,0.463649,1.17598,1.40215,0,0,-0.000981,0.04,1
684,1.72348,1.17687,0.0466462,0,0,-0.000981,0.04,1
685,0.768001,0.181349,0.442561,0,0,-0.000981,0.04,1
686,0.840043,1.07107,0.480483,0,0,-0.000981,0.04,1
687,1.70677,1.27665,1.22405,0,0,-0.000981,0.04,1
688,0.78929,0.221495,1.44709,0,0,-0.000981,0.04,1
689,0.587347,0.679689,0.290579,0,0,-0.000981,0.04,1
690,0.916172,0.307745,1.28976,0,0,-0.000981,0.04,1
691,1.87691,0.367332,1.42536,0,0,-0.000981,0.04,1
692,1.31222,1.81289,1.38556,0,0,-0.000981,0.04,1
693,0.35382,1.02207,1.70138,0,0,-0.000981,0.04,1
694,1.3294,0.44837,0.837849,0,0,-0.000981,0.04,1
695,0.917646,1.53993,0.441869,0,0,-0.000981,0.04,1
696,0.682443,0.218411,0.637038,0,0,-0.000981,0.04,1
697,0.839522,0.569187,1.67912,0,0,-0.000981,0.04,1
698,1.52281,0.485096,0.623185,0,0,-0.000981,0.04,1
699,1.63197,1.47345,0.458549,0,0,-0.000981,0.04,1
700,1.18407,1.00737,0.661458,0,0,-0.000981,0.04,1
701,0.447731,1.63405,0.256035,0,0,-0.000981,0.04,1
702,1.21258,0.910663,1.43005,0,0,-0.000981,0.04,1
703,0.25257,1.72553,0.246395,0,0,-0.000981,0.04,1
704,1.12489,0.0906902,1.61004,0,0,-0.000981,0.04,1
705,0.189619,0.857221,0.372213,0,0,-0.000981,0.04,1
706,0.0436253,0.769025,1.41015,0,0,-0.000981,0.04,1
707,1.48979,0.887182,1.68941,0,0,-0.000981,0.04,1
708,0.458727,0.803393,1.29925,0,0,-0.000981,0.04,1
709,0.730318,1.52833,1.41535,0,0,-0.000981,0.04,1
710,1.10812,1.68104,1.30186,0,0,-0.000981,0.04,1
711,0.373639,1.63754,0.591803,0,0,-0.000981,0.04,1
712,0.707695,1.25047,1.89473,0,0,-0.000981,0.04,1
713,0.0938717,1.90877,1.75774,0,0,-0.000981,0.04,1
714,0.895958,0.164968,0.597572,0,0,-0.000981,0.04,1
715,1.59176,1.24955,0.478373,0,0,-0.000981,0.04,1
716,0.743523,0.752032,0.813033,0,0,-0.000981,0.04,1
717,1.69201,0.33952,1.84842,0,0,-0.000981,0.04,1
718,1.65278,1.6996,1.72394,0,0,-0.000981,0.04,1
719,1.40188,1.24759,0.908768,0,0,-0.000981,0.04,1
720,1.87192,0.810104,1.00721,0,0,-0.000981,0.04,1
721,1.19421,0.820862,1.5794,0,0,-0.000981,0.04,1
722,0.683843,1.85311,0.445139,0,0,-0.000981,0.04,1
723,1.25416,1.26932,1.73095,0,0,-0.000981,0.04,1
724,0.590638,1.81024,0.782268,0,0,-0.000981,0.04,1
725,1.33646,0.983388,0.0771531,0,0,-0.000981,0.04,1
726,0.130945,0.517602,0.967766,0,0,-0.000981,0.04,1
727,0.78964,0.814018,1.68693,0,0,-0.000981,0.04,1
728,1.74685,1.5966,1.66308,0,0,-0.000981,0.04,1
729,1.92207,1.4902,0.355682,0,0,-0.000981,0.04,1
730,0.716893,0.83001,0.40496,0,0,-0.000981,0.04,1
731,1.58705,1.94663,0.800586,0,0,-0.000981,0.04,1
732,0.665503,1.42549,0.537659,0,0,-0.000981,0.04,1
733,0.105196,1.50793,1.88784,0,0,-0.000981,0.04,1
734,0.579953,0.89379,0.750269,0,0,-0.000981,0.04,1
735,1.21066,0.590956,1.88806,0,0,-0.000981,0.04,1
736,1.15145,1.09639,0.976969,0,0,-0.000981,0.04,1
737,1.56056,1.92503,0.416397,0,0,-0.000981,0.04,1
738,0.834974,0.805332,1.56588,0,0,-0.000981,0.04,1
739,1.18864,0.997101,1.10584,0,0,-0.000981,0.04,1
740,1.30466,1.18172,1.69081,0,0,-0.000981,0.04,1
741,0.0550325,1.45678,1.00282,0,0,-0.000981,0.04,1
742,0.679476,1.57547,0.435371,0,0,-0.000981,0.04,1
743,1.40953,1.2512,0.343034,0,0,-0.000981,0.04,1
744,0.0572978,1.21015,0.116691,0,0,-0.000981,0.04,1
745,0.194952,0.316501,0.138354,0,0,-0.000981,0.04,1
746,1.86325,1.81788,0.500575,0,0,-0.000981,0.04,1
747,1.03631,0.814891,1.76125,0,0,-0.000981,0.04,1
748,0.371382,1.94961,0.0827391,0,0,-0.000981,0.04,1
749,1.52724,1.1267,0.233228,0,0,-0.000981,0.04,1
750,1.35222,1.62656,0.247939,0,0,-0.000981,0.04,1
751,0.812058,1.75018,0.570918,0,0,-0.000981,0.04,1
752,1.32166,0.220202,0.315752,0,0,-0.000981,0.04,1
753,1.59414,1.45479,1.91902,0,0,-0.000981,0.04,1
754,0.214953,0.522136,0.503593,0,0,-0.000981,0.04,1
755,0.313947,1.47905,0.211542,0,0,-0.000981,0.04,1
756,0.496422,0.489995,1.12667,0,0,-0.000981,0.04,1
757,1.93716,1.0702,1.4861,0,0,-0.000981,0.04,1
758,0.0663287,1.72072,1.07662,0,0,-0.000981,0.04,1
759,0.212524,0.526227,0.217771,0,0,-0.000981,0.04,1
760,0.595601,0.403931,0.291408,0,0,-0.000981,0.04,1
761,0.25179,1.49794,1.1702,0,0,-0.000981,0.04,1
762,0.230159,1.56191,0.260711,0,0,-0.000981,0.04,1
763,0.360947,0.526992,1.08071,0,0,-0.000981,0.04,1
764,1.38812,1.0809,0.615381,0,0,-0.000981,0.04,1
765,0.0997406,0.0435812,0.347306,0,0,-0.000981,0.04,1
766,1.36424,0.413819,1.88563,0,0,-0.000981,0.04,1
767,0.967498,0.177011,1.67142,0,0,-0.000981,0.04,1
768,0.25985,0.720463,0.576793,0,0,-0.000981,0.04,1
769,1.87211,1.06142,0.187478,0,0,-0.000981,0.04,1
770,0.261556,1.11047,1.53335,0,0,-0.000981,0.04,1
771,0.577166,1.2653,1.6002,0,0,-0.000981,0.04,1
772,1.7291,1.83259,1.31743,0,0,-0.000981,0.04,1
773,0.986811,1.53827,0.906428,0,0,-0.000981,0.04,1
774,0.338106,1.54235,0.780118,0,0,-0.000981,0.04,1
775,0.818452,0.0437001,0.532964,0,0,-0.000981,0.04,1
776,1.39421,0.595466,0.14546,0,0,-0.000981,0.04,1
777,1.27562,1.0243,1.68905,0,0,-0.000981,0.04,1
778,0.988415,0.94461,0.612071,0,0,-0.000981,0.04,1
779,0.446038,0.208588,1.77962,0,0,-0.000981,0.04,1
780,1.18169,1.38848,0.131975,0,0,-0.000981,0.04,1
781,0.112528,0.268226,0.902264,0,0,-0.000981,0.04,1
782,1.04728,1.03292,1.00971,0,0,-0.000981,0.04,1
783,1.15458,1.53241,1.87242,0,0,-0.000981,0.04,1
784,1.80303,1.74006,1.0947,0,0,-0.000981,0.04,1
785,1.92773,0.663522,0.0757223,0,0,-0.000981,0.04,1
786,1.34488,0.802405,1.38833,0,0,-0.000981,0.04,1
787,1.80464,0.964842,0.54744,0,0,-0.000981,0.04,1
788,1.90353,1.18833,1.80912,0,0,-0.000981,0.04,1
789,0.86053,1.81495,1.868,0,0,-0.000981,0.04,1
790,0.280088,0.604132,1.86285,0,0,-0.000981,0.04,1
791,1.58021,1.00647,0.498664,0,0,-0.000981,0.04,1
792,1.03999,1.07799,1.4954,0,0,-0.000981,0.04,1
793,0.58068,0.107415,0.756672,0,0,-0.000981,0.04,1
794,0.56357,0.0402414,1.45258,0,0,-0.000981,0.04,1
795,0.315671,0.207456,1.51207,0,0,-0.000981,0.04,1
796,0.165995,1.68434,0.360773,0,0,-0.000981,0.04,1
797,0.427807,0.0859578,0.376639,0,0,-0.000981,0.04,1
798,0.265386,1.46845,1.45884,0,0,-0.000981,0.04,1
799,1.71086,0.450834,1.76174,0,0,-0.000981,0.04,1
800,0.394717,1.49924,0.554561,0,0,-0.000981,0.04,1
801,1.43957,1.51884,1.32923,0,0,-0.000981,0.04,1
802,1.5161,0.801548,0.788344,0,0,-0.000981,0.04,1
803,0.418509,1.65811,1.25969,0,0,-0.000981,0.04,1
804,1.63549,1.32875,1.23867,0,0,-0.000981,0.04,1
805,1.71136,0.193452,1.79069,0,0,-0.000981,0.04,1
806,0.751099,1.29038,1.21238,0,0,-0.000981,0.04,1
807,1.20838,1.04456,0.149225,0,0,-0.000981,0.04,1
808,0.435061,0.668133,1.58844,0,0,-0.000981,0.04,1
809,0.378995,1.19213,1.25763,0,0,-0.000981,0.04,1
810,0.396288,1.69625,0.540637,0,0,-0.000981,0.04,1
811,1.67445,1.21249,0.623205,0,0,-0.000981,0.04,1
812,0.574357,1.17839,1.04464,0,0,-0.000981,0.04,1
813,0.463799,0.962804,0.534891,0,0,-0.000981,0.04,1
814,0.469506,1.38628,1.00516,0,0,-0.000981,0.04,1
815,0.369651,1.95436,1.39766,0,0,-0.000981,0.04,1
816,0.63728,1.02789,0.592792,0,0,-0.000981,0.04,1
817,0.109938,1.27198,0.417386,0,0,-0.000981,0.04,1
818,1.59031,1.83794,0.728156,0,0,-0.000981,0.04,1
819,0.942585,1.08374,1.8788,0,0,-0.000981,0.04,1
820,0.0608881,0.463345,1.03896,0,0,-0.000981,0.04,1
821,1.59953,1.06169,1.5931,0,0,-0.000981,0.04,1
822,0.759532,1.47456,0.566146,0,0,-0.000981,0.04,1
823,1.47405,1.12806,0.778615,0,0,-0.000981,0.04,1
824,0.715591,1.9555,0.581751,0,0,-0.000981,0.04,1
825,1.78875,1.54451,1.4303,0,0,-0.000981,0.04,1
826,0.70673,0.790251,0.576716,0,0,-0.000981,0.04,1
827,1.65029,1.88442,0.676543,0,0,-0.000981,0.04,1
828,0.209287,0.427067,1.11584,0,0,-0.000981,0.04,1
829,0.783352,0.548979,1.02627,0,0,-0.000981,0.04,1
830,0.358625,0.370705,1.58037,0,0,-0.000981,0.04,1
831,1.83509,0.433164,0.66718,0,0,-0.000981,0.04,1
832,0.866871,0.325467,0.856219,0,0,-0.000981,0.04,1
833,0.681219,1.34082,1.81188,0,0,-0.000981,0.04,1
834,0.28866,0.764852,1.69376,0,0,-0.000981,0.04,1
835,0.157526,0.521797,1.81547,0,0,-0.000981,0.04,1
836,1.0811,0.811524,0.951816,0,0,-0.000981,0.04,1
837,0.518706,1.4817,1.52669,0,0,-0.000981,0.04,1
838,0.262518,1.07705,0.434607,0,0,-0.000981,0.04,1
839,0.18324,1.90305,0.452705,0,0,-0.000981,0.04,1
840,1.5711,1.94214,1.8149,0,0,-0.000981,0.04,1
841,0.360778,1.2127,1.71034,0,0,-0.000981,0.04,1
842,0.839947,0.453889,0.931131,0,0,-0.000981,0.04,1
843,1.37979,0.707234,0.750533,0,0,-0.000981,0.04,1
844,0.116986,1.42012,0.698551,0,0,-0.000981,0.04,1
845,1.36719,1.49713,1.44517,0,0,-0.000981,0.04,1
846,1.53271,0.094174,0.140892,0,0,-0.000981,0.04,1
847,1.17322,0.92859,0.835264,0,0,-0.000981,0.04,1
848,0.414972,1.84094,0.826949,0,0,-0.000981,0.04,1
849,1.13096,0.266017,1.89858,0,0,-0.000981,0.04,1
850,0.914352,1.8655,0.65947,0,0,-0.000981,0.04,1
851,0.525198,1.82382,0.135225,0,0,-0.000981,0.04,1
852,0.520078,1.48742,0.284758,0,0,-0.000981,0.04,1
853,1.86133,1.02427,1.64891,0,0,-0.000981,0.04,1
854,0.336919,0.11713,1.67831,0,0,-0.000981,0.04,1
855,0.396085,1.12933,1.31142,0,0,-0.000981,0.04,1
856,0.214986,0.871647,0.112672,0,0,-0.000981,0.04,1
857,0.570981,0.779749,0.763938,0,0,-0.000981,0.04,1
858,1.53868,0.707459,0.146523,0,0,-0.000981,0.04,1
859,0.711939,0.658547,0.924886,0,0,-0.000981,0.04,1
860,1.10213,0.118003,0.181098,0,0,-0.000981,0.04,1
861,1.68115,0.264707,1.47914,0,0,-0.000981,0.04,1
862,1.90386,1.82964,0.964275,0,0,-0.000981,0.04,1
863,0.653899,1.76804,1.54347,0,0,-0.000981,0.04,1
864,0.361225,1.74802,1.18869,0,0,-0.000981,0.04,1
865,0.587082,0.900012,0.417703,0,0,-0.000981,0.04,1
866,1.34756,0.16989,1.0535,0,0,-0.000981,0.04,1
867,0.0796062,1.29515,1.30918,0,0,-0.000981,0.04,1
868,0.776525,0.678726,0.752821,0,0,-0.000981,0.04,1
869,0.367074,1.72026,0.183796,0,0,-0.000981,0.04,1
870,1.6369,1.70356,0.263576,0,0,-0.000981,0.04,1
871,1.64451,0.0465388,0.434297,0,0,-0.000981,0.04,1
872,0.779558,1.14131,1.3244,0,0,-0.000981,0.04,1
873,1.60217,0.729619,1.6782,0,0,-0.000981,0.04,1
874,0.402988,1.82609,0.656886,0,0,-0.000981,0.04,1
875,1.29718,1.26292,1.06843,0,0,-0.000981,0.04,1
876,1.69883,0.582317,0.257644,0,0,-0.000981,0.04,1
877,0.211545,1.68059,1.31909,0,0,-0.000981,0.04,1
878,0.610146,1.90479,1.60853,0,0,-0.000981,0.04,1
879,1.24226,0.321212,0.469404,0,0,-0.000981,0.04,1
880,0.427162,0.356436,0.71293,0,0,-0.000981,0.04,1
881,1.43218,0.673562,1.4474,0,0,-0.000981,0.04,1
882,0.712501,0.674783,0.367322,0,0,-0.000981,0.04,1
883,1.51961,1.51543,1.77015,0,0,-0.000981,0.04,1
884,1.25729,0.429294,1.8217,0,0,-0.000981,0.04,1
885,1.16347,0.794475,0.176268,0,0,-0.000981,0.04,1
886,1.1183,0.572406,0.708589,0,0,-0.000981,0.04,1
887,0.566094,1.14317,0.649094,0,0,-0.000981,0.04,1
888,0.343145,1.57272,0.0852765,0,0,-0.000981,0.04,1
889,1.18992,0.225087,1.62722,0,0,-0.000981,0.04,1
890,1.77874,0.550229,0.110341,0,0,-0.000981,0.04,1
891,1.36811,1.40616,1.21496,0,0,-0.000981,0.04,1
892,1.21815,0.083913,0.8461,0,0,-0.000981,0.04,1
893,1.71203,1.73836,0.4614,0,0,-0.000981,0.04,1
894,0.527881,1.46767,1.28499,0,0,-0.000981,0.04,1
895,1.38044,1.46863,0.896332,0,0,-0.000981,0.04,1
896,0.419508,0.251251,0.13494,0,0,-0.000981,0.04,1
897,1.31328,0.0739522,1.91519,0,0,-0.000981,0.04,1
898,1.14493,0.347756,1.10421,0,0,-0.000981,0.04,1
899,0.229165,0.430067,0.990801,0,0,-0.000981,0.04,1
900,1.69746,0.227528,0.197987,0,0,-0.000981,0.04,1
901,1.57929,1.91699,0.703873,0,0,-0.000981,0.04,1
902,1.82554,0.11438,0.544158,0,0,-0.000981,0.04,1
903,0.818839,0.563693,1.77297,0,0,-0.000981,0.04,1
904,0.92762,0.180968,1.34865,0,0,-0.000981,0.04,1
905,1.61295,1.55144,1.87132,0,0,-0.000981,0.04,1
906,1.84183,0.132206,0.901861,0,0,-0.000981,0.04,1
907,1.67182,1.55851,0.86131,0,0,-0.000981,0.04,1
908,1.09286,1.4774,0.905231,0,0,-0.000981,0.04,1
909,0.527241,0.637269,1.65662,0,0,-0.000981,0.04,1
910,1.00642,0.207741,1.55141,0,0,-0.000981,0.04,1
911,1.06085,0.358148,0.0762433,0,0,-0.000981,0.04,1
912,0.669369,0.606696,0.302896,0,0,-0.000981,0.04,1
913,0.227129,0.890325,0.937305,0,0,-0.000981,0.04,1
914,1.06816,0.473532,1.31689,0,0,-0.000981,0.04,1
915,1.20449,0.0846802,1.10439,0,0,-0.000981,0.04,1
916,1.31409,0.709539,0.683918,0,0,-0.000981,0.04,1
917,1.90279,0.103267,0.748208,0,0,-0.000981,0.04,1
918,1.22995,1.04137,1.35363,0,0,-0.000981,0.04,1
919,0.964696,0.815019,0.38849,0,0,-0.000981,0.04,1
920,1.11835,0.151803,1.37531,0,0,-0.000981,0.04,1
921,0.998995,1.71889,0.253531,0,0,-0.000981,0.04,1
922,0.428631,1.03886,1.43245,0,0,-0.000981,0.04,1
923,1.00917,1.11591,1.82444,0,0,-0.000981,0.04,1
924,1.18687,0.537527,0.982569,0,0,-0.000981,0.04,1
925,1.80522,1.8734,1.43019,0,0,-0.000981,0.04,1
926,0.913133,1.65465,1.32464,0,0,-0.000981,0.04,1
927,0.637513,0.197616,1.34366,0,0,-0.000981,0.04,1
928,1.09159,0.04313,1.88912,0,0,-0.000981,0.04,1
929,0.0761623,1.92319,0.252192,0,0,-0.000981,0.04,1
930,1.24991,0.445137,1.26634,0,0,-0.000981,0.04,1
931,1.10578,0.761025,0.0641965,0,0,-0.000981,0.04,1
932,0.234959,1.17484,0.228556,0,0,-0.000981,0.04,1
933,1.88764,1.22415,0.45209,0,0,-0.000981,0.04,1
934,1.20931,0.427542,0.498259,0,0,-0.000981,0.04,1
935,1.92075,1.69146,1.46832,0,0,-0.000981,0.04,1
936,0.691334,1.27673,0.781954,0,0,-0.000981,0.04,1
937,0.79812,0.599257,1.26247,0,0,-0.000981,0.04,1
938,0.594673,0.642287,1.80406,0,0,-0.000981,0.04,1
939,1.27948,1.00831,0.938794,0,0,-0.000981,0.04,1
940,1.40604,0.664694,0.334078,0,0,-0.000981,0.04,1
941,0.848723,0.401277,1.86111,0,0,-0.000981,0.04,1
942,0.180877,0.136801,1.4516,0,0,-0.000981,0.04,1
943,0.825423,0.283986,1.54439,0,0,-0.000981,0.04,1
944,0.0832029,1.61131,1.81857,0,0,-0.000981,0.04,1
945,1.93062,0.357398,1.17359,0,0,-0.000981,0.04,1
946,0.76985,1.52052,1.27658,0,0,-0.000981,0.04,1
947,0.589512,0.568296,0.907156,0,0,-0.000981,0.04,1
948,1.59525,1.65785,1.43019,0,0,-0.000981,0.04,1
949,1.81227,0.0713857,1.92615,0,0,-0.000981,0.04,1
950,0.420814,0.751928,0.553078,0,0,-0.000981,0.04,1
951,1.54456,0.542566,0.0558084,0,0,-0.000981,0.04,1
952,1.0347,1.38033,0.638364,0,0,-0.000981,0.04,1
953,1.76157,1.37062,0.927843,0,0,-0.000981,0.04,1
954,0.0759467,0.222973,1.84649,0,0,-0.000981,0.04,1
955,0.84787,1.37983,1.44423,0,0,-0.000981,0.04,1
956,0.094036,0.859341,0.153332,0,0,-0.000981,0.04,1
957,1.11594,1.13927,0.146585,0,0,-0.000981,0.04,1
958,0.0873248,0.441503,0.936393,0,0,-0.000981,0.04,1
959,0.514682,0.20828,0.178879,0,0,-0.000981,0.04,1
960,0.318936,0.442708,1.78684,0,0,-0.000981,0.04,1
961,0.720908,1.40276,0.312643,0,0,-0.000981,0.04,1
962,1.83398,1.48058,0.469235,0,0,-0.000981,0.04,1
963,0.578878,0.227021,0.845552,0,0,-0.000981,0.04,1
964,0.0559127,1.63545,1.49785,0,0,-0.000981,0.04,1
965,1.22883,1.89945,1.94261,0,0,-0.000981,0.04,1
966,1.03191,0.620804,1.73842,0,0,-0.000981,0.04,1
967,1.6975,0.153896,1.34901,0,0,-0.000981,0.04,1
968,1.5742,0.620706,1.12615,0,0,-0.000981,0.04,1
969,1.16387,0.520928,1.24023,0,0,-0.000981,0.04,1
970,0.747628,0.58411,0.86924,0,0,-0.000981,0.04,1
971,1.55933,0.464198,1.1485,0,0,-0.000981,0.04,1
972,1.23533,1.23341,1.0009,0,0,-0.000981,0.04,1
973,0.41976,1.77328,1.69134,0,0,-0.000981,0.04,1
974,1.22826,0.431887,1.68662,0,0,-0.000981,0.04,1
975,1.59732,0.458573,1.93418,0,0,-0.000981,0.04,1
976,0.588966,0.370392,0.410821,0,0,-0.000981,0.04,1
977,1.81677,0.543066,1.39505,0,0,-0.000981,0.04,1
978,1.88089,1.95547,0.447147,0,0,-0.000981,0.04,1
979,0.964213,1.81066,1.40639,0,0,-0.000981,0.04,1
980,0.924962,1.12331,0.868555,0,0,-0.000981,0.04,1
981,1.66456,1.28108,0.872851,0,0,-0.000981,0.04,1
982,1.79226,1.75747,0.703166,0,0,-0.000981,0.04,1
983,1.9338,0.310044,0.216733,0,0,-0.000981,0.04,1
984,0.442653,0.49055,0.693307,0,0,-0.000981,0.04,1
985,1.30837,0.407106,0.92631,0,0,-0.000981,0.04,1
986,1.28694,0.308181,0.908846,0,0,-0.000981,0.04,1
987,1.81302,1.25374,1.69521,0,0,-0.000981,0.04,1
988,0.454492,1.54535,1.55731,0,0,-0.000981,0.04,1
989,0.183003,1.58956,0.566734,0,0,-0.000981,0.04,1
990,1.12061,0.410326,1.3532,0,0,-0.000981,0.04,1
991,0.926571,1.17614,0.526452,0,0,-0.000981,0.04,1
992,1.80624,1.29029,1.91502,0,0,-0.000981,0.04,1
993,1.79797,0.466979,1.14866,0,0,-0.000981,0.04,1
994,0.561858,0.321028,1.56127,0,0,-0.000981,0.04,1
995,0.875571,0.984093,1.49028,0,0,-0.000981,0.04,1
996,0.640051,1.70715,0.6854,0,0,-0.000981,0.04,1
997,1.42177,0.22892,1.13775,0,0,-0.000981,0.04,1
998,1.37065,0.616427,1.9494,0,0,-0.000981,0.04,1
999,0.111094,1.45901,1.28371,0,0,-0.000981,0.04,1
